"date","datatype","totval","count"
"1","1980-01-01T00:00:00","TPCP",354372,456
"2","1980-01-01T00:00:00","TSNW",6369,438
"3","1980-02-01T00:00:00","TPCP",49703,53
"4","1980-02-01T00:00:00","TSNW",1884,53
"5","1980-02-01T00:00:00","TPCP",370919,402
"6","1980-02-01T00:00:00","TSNW",9113,390
"7","1980-03-01T00:00:00","TPCP",37172,107
"8","1980-03-01T00:00:00","TSNW",1996,101
"9","1980-03-01T00:00:00","TPCP",108987,346
"10","1980-03-01T00:00:00","TSNW",6407,330
"11","1980-04-01T00:00:00","TPCP",30879,165
"12","1980-04-01T00:00:00","TSNW",1908,159
"13","1980-04-01T00:00:00","TPCP",45173,293
"14","1980-04-01T00:00:00","TSNW",2044,279
"15","1980-05-01T00:00:00","TPCP",21272,218
"16","1980-05-01T00:00:00","TSNW",1593,210
"17","1980-05-01T00:00:00","TPCP",17945,239
"18","1980-05-01T00:00:00","TSNW",1045,234
"19","1980-06-01T00:00:00","TPCP",7615,267
"20","1980-06-01T00:00:00","TSNW",160,260
"21","1980-06-01T00:00:00","TPCP",4699,190
"22","1980-06-01T00:00:00","TSNW",140,188
"23","1980-07-01T00:00:00","TPCP",7564,314
"24","1980-07-01T00:00:00","TSNW",0,308
"25","1980-07-01T00:00:00","TPCP",3308,145
"26","1980-07-01T00:00:00","TSNW",0,143
"27","1980-08-01T00:00:00","TPCP",945,360
"28","1980-08-01T00:00:00","TSNW",0,352
"29","1980-08-01T00:00:00","TPCP",382,95
"30","1980-08-01T00:00:00","TSNW",0,95
"31","1980-09-01T00:00:00","TPCP",5383,409
"32","1980-09-01T00:00:00","TSNW",0,401
"33","1980-09-01T00:00:00","TPCP",892,46
"34","1980-09-01T00:00:00","TSNW",0,45
"35","1980-10-01T00:00:00","TPCP",24954,452
"36","1980-10-01T00:00:00","TSNW",410,440
"37","1980-11-01T00:00:00","TPCP",147,9
"38","1980-11-01T00:00:00","TSNW",0,8
"39","1980-11-01T00:00:00","TPCP",29058,446
"40","1980-11-01T00:00:00","TSNW",442,436
"41","1980-12-01T00:00:00","TPCP",15816,61
"42","1980-12-01T00:00:00","TSNW",45,57
"43","1980-12-01T00:00:00","TPCP",108827,389
"44","1980-12-01T00:00:00","TSNW",1412,374
"45","1981-01-01T00:00:00","TPCP",229071,446
"46","1981-01-01T00:00:00","TSNW",15285,404
"47","1981-02-01T00:00:00","TPCP",17734,78
"48","1981-02-01T00:00:00","TSNW",940,72
"49","1981-02-01T00:00:00","TPCP",88901,370
"50","1981-02-01T00:00:00","TSNW",3738,349
"51","1981-03-01T00:00:00","TPCP",65428,145
"52","1981-03-01T00:00:00","TSNW",3721,136
"53","1981-03-01T00:00:00","TPCP",136301,300
"54","1981-03-01T00:00:00","TSNW",5204,284
"55","1981-04-01T00:00:00","TPCP",21852,213
"56","1981-04-01T00:00:00","TSNW",1201,203
"57","1981-04-01T00:00:00","TPCP",20332,234
"58","1981-04-01T00:00:00","TSNW",785,225
"59","1981-05-01T00:00:00","TPCP",22034,273
"60","1981-05-01T00:00:00","TSNW",60,268
"61","1981-05-01T00:00:00","TPCP",12789,174
"62","1981-05-01T00:00:00","TSNW",85,174
"63","1981-06-01T00:00:00","TPCP",2638,327
"64","1981-06-01T00:00:00","TSNW",0,325
"65","1981-06-01T00:00:00","TPCP",583,119
"66","1981-06-01T00:00:00","TSNW",0,119
"67","1981-07-01T00:00:00","TPCP",744,385
"68","1981-07-01T00:00:00","TSNW",0,377
"69","1981-07-01T00:00:00","TPCP",147,59
"70","1981-07-01T00:00:00","TSNW",0,60
"71","1981-08-01T00:00:00","TPCP",2463,443
"72","1981-08-01T00:00:00","TSNW",0,436
"73","1981-09-01T00:00:00","TPCP",27,1
"74","1981-09-01T00:00:00","TSNW",0,1
"75","1981-09-01T00:00:00","TPCP",22688,444
"76","1981-09-01T00:00:00","TSNW",0,435
"77","1981-10-01T00:00:00","TPCP",16028,63
"78","1981-10-01T00:00:00","TSNW",429,58
"79","1981-10-01T00:00:00","TPCP",99841,382
"80","1981-10-01T00:00:00","TSNW",1794,373
"81","1981-11-01T00:00:00","TPCP",89463,127
"82","1981-11-01T00:00:00","TSNW",2099,118
"83","1981-11-01T00:00:00","TPCP",204233,319
"84","1981-11-01T00:00:00","TSNW",3385,303
"85","1981-12-01T00:00:00","TPCP",121359,194
"86","1981-12-01T00:00:00","TSNW",2435,184
"87","1981-12-01T00:00:00","TPCP",118857,253
"88","1981-12-01T00:00:00","TSNW",2172,239
"89","1982-01-01T00:00:00","TPCP",234559,440
"90","1982-01-01T00:00:00","TSNW",41526,379
"91","1982-02-01T00:00:00","TPCP",31130,93
"92","1982-02-01T00:00:00","TSNW",146,88
"93","1982-02-01T00:00:00","TPCP",117615,347
"94","1982-02-01T00:00:00","TSNW",656,338
"95","1982-03-01T00:00:00","TPCP",115556,163
"96","1982-03-01T00:00:00","TSNW",13372,152
"97","1982-03-01T00:00:00","TPCP",182375,275
"98","1982-03-01T00:00:00","TSNW",19458,266
"99","1982-04-01T00:00:00","TPCP",101005,233
"100","1982-04-01T00:00:00","TSNW",7869,226
"101","1982-04-01T00:00:00","TPCP",81084,207
"102","1982-04-01T00:00:00","TSNW",6136,203
"103","1982-05-01T00:00:00","TPCP",5202,297
"104","1982-05-01T00:00:00","TSNW",190,293
"105","1982-05-01T00:00:00","TPCP",1927,140
"106","1982-05-01T00:00:00","TSNW",100,138
"107","1982-06-01T00:00:00","TPCP",21918,362
"108","1982-06-01T00:00:00","TSNW",26,360
"109","1982-06-01T00:00:00","TPCP",5431,74
"110","1982-06-01T00:00:00","TSNW",85,74
"111","1982-07-01T00:00:00","TPCP",6503,429
"112","1982-07-01T00:00:00","TSNW",0,423
"113","1982-07-01T00:00:00","TPCP",46,11
"114","1982-07-01T00:00:00","TSNW",0,12
"115","1982-08-01T00:00:00","TPCP",8874,442
"116","1982-08-01T00:00:00","TSNW",0,440
"117","1982-09-01T00:00:00","TPCP",7298,48
"118","1982-09-01T00:00:00","TSNW",35,47
"119","1982-09-01T00:00:00","TPCP",59042,394
"120","1982-09-01T00:00:00","TSNW",327,390
"121","1982-10-01T00:00:00","TPCP",34687,109
"122","1982-10-01T00:00:00","TSNW",44,107
"123","1982-10-01T00:00:00","TPCP",92540,335
"124","1982-10-01T00:00:00","TSNW",445,330
"125","1982-11-01T00:00:00","TPCP",109751,172
"126","1982-11-01T00:00:00","TSNW",4747,163
"127","1982-11-01T00:00:00","TPCP",154895,271
"128","1982-11-01T00:00:00","TSNW",6607,264
"129","1982-12-01T00:00:00","TPCP",131616,239
"130","1982-12-01T00:00:00","TSNW",7625,226
"131","1982-12-01T00:00:00","TPCP",93054,196
"132","1982-12-01T00:00:00","TSNW",4502,192
"133","1983-01-01T00:00:00","TPCP",303275,440
"134","1983-01-01T00:00:00","TSNW",12306,398
"135","1983-02-01T00:00:00","TPCP",68855,85
"136","1983-02-01T00:00:00","TSNW",4331,77
"137","1983-02-01T00:00:00","TPCP",276586,354
"138","1983-02-01T00:00:00","TSNW",12131,334
"139","1983-03-01T00:00:00","TPCP",174528,159
"140","1983-03-01T00:00:00","TSNW",7576,153
"141","1983-03-01T00:00:00","TPCP",284731,277
"142","1983-03-01T00:00:00","TSNW",10088,268
"143","1983-04-01T00:00:00","TPCP",88359,230
"144","1983-04-01T00:00:00","TSNW",5362,225
"145","1983-04-01T00:00:00","TPCP",78730,212
"146","1983-04-01T00:00:00","TSNW",3062,209
"147","1983-05-01T00:00:00","TPCP",17850,292
"148","1983-05-01T00:00:00","TSNW",1137,287
"149","1983-05-01T00:00:00","TPCP",7939,147
"150","1983-05-01T00:00:00","TSNW",368,145
"151","1983-06-01T00:00:00","TPCP",8074,357
"152","1983-06-01T00:00:00","TSNW",0,351
"153","1983-06-01T00:00:00","TPCP",1507,76
"154","1983-06-01T00:00:00","TSNW",0,76
"155","1983-07-01T00:00:00","TPCP",5514,427
"156","1983-07-01T00:00:00","TSNW",0,421
"157","1983-07-01T00:00:00","TPCP",221,12
"158","1983-07-01T00:00:00","TSNW",0,12
"159","1983-08-01T00:00:00","TPCP",58481,437
"160","1983-08-01T00:00:00","TSNW",0,433
"161","1983-09-01T00:00:00","TPCP",5945,53
"162","1983-09-01T00:00:00","TSNW",0,53
"163","1983-09-01T00:00:00","TPCP",40917,387
"164","1983-09-01T00:00:00","TSNW",0,381
"165","1983-10-01T00:00:00","TPCP",16692,117
"166","1983-10-01T00:00:00","TSNW",10,115
"167","1983-10-01T00:00:00","TPCP",42421,321
"168","1983-10-01T00:00:00","TSNW",0,318
"169","1983-11-01T00:00:00","TPCP",150450,184
"170","1983-11-01T00:00:00","TSNW",4220,177
"171","1983-11-01T00:00:00","TPCP",180608,252
"172","1983-11-01T00:00:00","TSNW",4842,249
"173","1983-12-01T00:00:00","TPCP",203486,257
"174","1983-12-01T00:00:00","TSNW",12084,242
"175","1983-12-01T00:00:00","TPCP",140137,181
"176","1983-12-01T00:00:00","TSNW",5131,173
"177","1984-01-01T00:00:00","TPCP",15535,436
"178","1984-01-01T00:00:00","TSNW",1901,418
"179","1984-02-01T00:00:00","TPCP",17456,74
"180","1984-02-01T00:00:00","TSNW",2202,72
"181","1984-02-01T00:00:00","TPCP",86818,363
"182","1984-02-01T00:00:00","TSNW",6420,349
"183","1984-03-01T00:00:00","TPCP",29875,146
"184","1984-03-01T00:00:00","TSNW",1880,142
"185","1984-03-01T00:00:00","TPCP",48493,287
"186","1984-03-01T00:00:00","TSNW",2189,284
"187","1984-04-01T00:00:00","TPCP",30097,218
"188","1984-04-01T00:00:00","TSNW",2910,211
"189","1984-04-01T00:00:00","TPCP",24055,212
"190","1984-04-01T00:00:00","TSNW",1268,209
"191","1984-05-01T00:00:00","TPCP",12019,291
"192","1984-05-01T00:00:00","TSNW",153,288
"193","1984-05-01T00:00:00","TPCP",4931,140
"194","1984-05-01T00:00:00","TSNW",75,138
"195","1984-06-01T00:00:00","TPCP",16451,363
"196","1984-06-01T00:00:00","TSNW",40,359
"197","1984-06-01T00:00:00","TPCP",2905,69
"198","1984-06-01T00:00:00","TSNW",10,69
"199","1984-07-01T00:00:00","TPCP",17659,429
"200","1984-07-01T00:00:00","TSNW",0,424
"201","1984-08-01T00:00:00","TPCP",199,5
"202","1984-08-01T00:00:00","TSNW",0,4
"203","1984-08-01T00:00:00","TPCP",18122,425
"204","1984-08-01T00:00:00","TSNW",0,421
"205","1984-09-01T00:00:00","TPCP",2203,77
"206","1984-09-01T00:00:00","TSNW",2,77
"207","1984-09-01T00:00:00","TPCP",9128,348
"208","1984-09-01T00:00:00","TSNW",0,347
"209","1984-10-01T00:00:00","TPCP",29776,154
"210","1984-10-01T00:00:00","TSNW",1039,151
"211","1984-10-01T00:00:00","TPCP",43154,264
"212","1984-10-01T00:00:00","TSNW",1345,260
"213","1984-11-01T00:00:00","TPCP",162289,242
"214","1984-11-01T00:00:00","TSNW",7548,234
"215","1984-11-01T00:00:00","TPCP",115050,177
"216","1984-11-01T00:00:00","TSNW",3929,175
"217","1984-12-01T00:00:00","TPCP",111529,336
"218","1984-12-01T00:00:00","TSNW",10057,312
"219","1984-12-01T00:00:00","TPCP",22684,82
"220","1984-12-01T00:00:00","TSNW",2175,75
"221","1985-01-01T00:00:00","TPCP",37808,417
"222","1985-01-01T00:00:00","TSNW",4795,402
"223","1985-02-01T00:00:00","TPCP",22473,95
"224","1985-02-01T00:00:00","TSNW",3626,86
"225","1985-02-01T00:00:00","TPCP",69686,317
"226","1985-02-01T00:00:00","TSNW",7141,295
"227","1985-03-01T00:00:00","TPCP",71249,198
"228","1985-03-01T00:00:00","TSNW",17706,190
"229","1985-03-01T00:00:00","TPCP",68449,222
"230","1985-03-01T00:00:00","TSNW",12263,213
"231","1985-04-01T00:00:00","TPCP",7737,285
"232","1985-04-01T00:00:00","TSNW",425,280
"233","1985-04-01T00:00:00","TPCP",3021,133
"234","1985-04-01T00:00:00","TSNW",93,130
"235","1985-05-01T00:00:00","TPCP",7536,372
"236","1985-05-01T00:00:00","TSNW",131,365
"237","1985-05-01T00:00:00","TPCP",633,38
"238","1985-05-01T00:00:00","TSNW",0,38
"239","1985-06-01T00:00:00","TPCP",9653,418
"240","1985-06-01T00:00:00","TSNW",113,411
"241","1985-07-01T00:00:00","TPCP",1674,48
"242","1985-07-01T00:00:00","TSNW",0,47
"243","1985-07-01T00:00:00","TPCP",7005,374
"244","1985-07-01T00:00:00","TSNW",0,370
"245","1985-08-01T00:00:00","TPCP",1280,128
"246","1985-08-01T00:00:00","TSNW",0,128
"247","1985-08-01T00:00:00","TPCP",1461,294
"248","1985-08-01T00:00:00","TSNW",0,288
"249","1985-09-01T00:00:00","TPCP",22675,211
"250","1985-09-01T00:00:00","TSNW",329,207
"251","1985-09-01T00:00:00","TPCP",20254,211
"252","1985-09-01T00:00:00","TSNW",145,209
"253","1985-10-01T00:00:00","TPCP",33967,292
"254","1985-10-01T00:00:00","TSNW",1356,288
"255","1985-10-01T00:00:00","TPCP",15114,121
"256","1985-10-01T00:00:00","TSNW",935,120
"257","1985-11-01T00:00:00","TPCP",177124,396
"258","1985-11-01T00:00:00","TSNW",17125,363
"259","1985-11-01T00:00:00","TPCP",5674,14
"260","1985-11-01T00:00:00","TSNW",403,13
"261","1985-12-01T00:00:00","TPCP",93359,414
"262","1985-12-01T00:00:00","TSNW",3053,394
"263","1986-01-01T00:00:00","TPCP",178352,415
"264","1986-01-01T00:00:00","TSNW",2232,405
"265","1986-02-01T00:00:00","TPCP",101743,91
"266","1986-02-01T00:00:00","TSNW",3043,89
"267","1986-02-01T00:00:00","TPCP",342475,322
"268","1986-02-01T00:00:00","TSNW",8384,313
"269","1986-03-01T00:00:00","TPCP",103873,187
"270","1986-03-01T00:00:00","TSNW",6166,178
"271","1986-03-01T00:00:00","TPCP",128081,232
"272","1986-03-01T00:00:00","TSNW",4945,226
"273","1986-04-01T00:00:00","TPCP",27837,274
"274","1986-04-01T00:00:00","TSNW",1082,268
"275","1986-04-01T00:00:00","TPCP",12990,142
"276","1986-04-01T00:00:00","TSNW",450,139
"277","1986-05-01T00:00:00","TPCP",25676,364
"278","1986-05-01T00:00:00","TSNW",1086,355
"279","1986-05-01T00:00:00","TPCP",2689,51
"280","1986-05-01T00:00:00","TSNW",180,51
"281","1986-06-01T00:00:00","TPCP",2416,416
"282","1986-06-01T00:00:00","TSNW",0,410
"283","1986-07-01T00:00:00","TPCP",1236,37
"284","1986-07-01T00:00:00","TSNW",0,35
"285","1986-07-01T00:00:00","TPCP",4927,376
"286","1986-07-01T00:00:00","TSNW",0,370
"287","1986-08-01T00:00:00","TPCP",1043,128
"288","1986-08-01T00:00:00","TSNW",0,126
"289","1986-08-01T00:00:00","TPCP",2072,287
"290","1986-08-01T00:00:00","TSNW",0,283
"291","1986-09-01T00:00:00","TPCP",44969,217
"292","1986-09-01T00:00:00","TSNW",596,213
"293","1986-09-01T00:00:00","TPCP",34537,201
"294","1986-09-01T00:00:00","TSNW",427,198
"295","1986-10-01T00:00:00","TPCP",19339,303
"296","1986-10-01T00:00:00","TSNW",76,298
"297","1986-10-01T00:00:00","TPCP",4704,103
"298","1986-10-01T00:00:00","TSNW",10,103
"299","1986-11-01T00:00:00","TPCP",31732,402
"300","1986-11-01T00:00:00","TSNW",1336,392
"301","1986-11-01T00:00:00","TPCP",778,11
"302","1986-11-01T00:00:00","TSNW",10,12
"303","1986-12-01T00:00:00","TPCP",58597,409
"304","1986-12-01T00:00:00","TSNW",2005,399
"305","1987-01-01T00:00:00","TPCP",131885,413
"306","1987-01-01T00:00:00","TSNW",11816,400
"307","1987-02-01T00:00:00","TPCP",30763,96
"308","1987-02-01T00:00:00","TSNW",3287,91
"309","1987-02-01T00:00:00","TPCP",101262,313
"310","1987-02-01T00:00:00","TSNW",5491,298
"311","1987-03-01T00:00:00","TPCP",75284,200
"312","1987-03-01T00:00:00","TSNW",5242,189
"313","1987-03-01T00:00:00","TPCP",75110,205
"314","1987-03-01T00:00:00","TSNW",3256,197
"315","1987-04-01T00:00:00","TPCP",12236,302
"316","1987-04-01T00:00:00","TSNW",464,296
"317","1987-04-01T00:00:00","TPCP",3559,105
"318","1987-04-01T00:00:00","TSNW",68,103
"319","1987-05-01T00:00:00","TPCP",18093,400
"320","1987-05-01T00:00:00","TSNW",194,392
"321","1987-05-01T00:00:00","TPCP",354,6
"322","1987-05-01T00:00:00","TSNW",0,7
"323","1987-06-01T00:00:00","TPCP",6132,396
"324","1987-06-01T00:00:00","TSNW",0,389
"325","1987-07-01T00:00:00","TPCP",2369,102
"326","1987-07-01T00:00:00","TSNW",0,100
"327","1987-07-01T00:00:00","TPCP",4650,304
"328","1987-07-01T00:00:00","TSNW",65,298
"329","1987-08-01T00:00:00","TPCP",1383,202
"330","1987-08-01T00:00:00","TSNW",0,196
"331","1987-08-01T00:00:00","TPCP",464,193
"332","1987-08-01T00:00:00","TSNW",0,191
"333","1987-09-01T00:00:00","TPCP",2803,312
"334","1987-09-01T00:00:00","TSNW",0,304
"335","1987-09-01T00:00:00","TPCP",575,86
"336","1987-09-01T00:00:00","TSNW",0,86
"337","1987-10-01T00:00:00","TPCP",63489,398
"338","1987-10-01T00:00:00","TSNW",0,392
"339","1987-11-01T00:00:00","TPCP",3828,19
"340","1987-11-01T00:00:00","TSNW",11,19
"341","1987-11-01T00:00:00","TPCP",88176,377
"342","1987-11-01T00:00:00","TSNW",1369,368
"343","1987-12-01T00:00:00","TPCP",75567,132
"344","1987-12-01T00:00:00","TSNW",7129,123
"345","1987-12-01T00:00:00","TPCP",135656,261
"346","1987-12-01T00:00:00","TSNW",10091,247
"347","1988-01-01T00:00:00","TPCP",163702,398
"348","1988-01-01T00:00:00","TSNW",15476,369
"349","1988-02-01T00:00:00","TPCP",10326,118
"350","1988-02-01T00:00:00","TSNW",283,115
"351","1988-02-01T00:00:00","TPCP",26802,282
"352","1988-02-01T00:00:00","TSNW",244,276
"353","1988-03-01T00:00:00","TPCP",16200,224
"354","1988-03-01T00:00:00","TSNW",970,218
"355","1988-03-01T00:00:00","TPCP",9308,170
"356","1988-03-01T00:00:00","TSNW",355,172
"357","1988-04-01T00:00:00","TPCP",90064,331
"358","1988-04-01T00:00:00","TSNW",2454,327
"359","1988-04-01T00:00:00","TPCP",14019,62
"360","1988-04-01T00:00:00","TSNW",461,63
"361","1988-05-01T00:00:00","TPCP",36442,395
"362","1988-05-01T00:00:00","TSNW",1352,393
"363","1988-06-01T00:00:00","TPCP",2326,44
"364","1988-06-01T00:00:00","TSNW",153,43
"365","1988-06-01T00:00:00","TPCP",18665,345
"366","1988-06-01T00:00:00","TSNW",380,346
"367","1988-07-01T00:00:00","TPCP",1231,156
"368","1988-07-01T00:00:00","TSNW",0,153
"369","1988-07-01T00:00:00","TPCP",1672,242
"370","1988-07-01T00:00:00","TSNW",0,242
"371","1988-08-01T00:00:00","TPCP",7041,259
"372","1988-08-01T00:00:00","TSNW",0,257
"373","1988-08-01T00:00:00","TPCP",1362,138
"374","1988-08-01T00:00:00","TSNW",0,138
"375","1988-09-01T00:00:00","TPCP",3307,364
"376","1988-09-01T00:00:00","TSNW",0,360
"377","1988-09-01T00:00:00","TPCP",179,36
"378","1988-09-01T00:00:00","TSNW",0,37
"379","1988-10-01T00:00:00","TPCP",4545,400
"380","1988-10-01T00:00:00","TSNW",3,394
"381","1988-11-01T00:00:00","TPCP",32272,68
"382","1988-11-01T00:00:00","TSNW",1837,65
"383","1988-11-01T00:00:00","TPCP",148406,335
"384","1988-11-01T00:00:00","TSNW",5561,326
"385","1988-12-01T00:00:00","TPCP",63187,174
"386","1988-12-01T00:00:00","TSNW",10576,165
"387","1988-12-01T00:00:00","TPCP",84592,229
"388","1988-12-01T00:00:00","TSNW",11516,217
"389","1989-01-01T00:00:00","TPCP",59793,398
"390","1989-01-01T00:00:00","TSNW",10577,376
"391","1989-02-01T00:00:00","TPCP",21582,115
"392","1989-02-01T00:00:00","TSNW",4318,111
"393","1989-02-01T00:00:00","TPCP",52756,281
"394","1989-02-01T00:00:00","TSNW",8590,267
"395","1989-03-01T00:00:00","TPCP",135352,232
"396","1989-03-01T00:00:00","TSNW",6452,220
"397","1989-03-01T00:00:00","TPCP",88968,169
"398","1989-03-01T00:00:00","TSNW",3431,167
"399","1989-04-01T00:00:00","TPCP",29394,336
"400","1989-04-01T00:00:00","TSNW",1923,328
"401","1989-04-01T00:00:00","TPCP",4947,62
"402","1989-04-01T00:00:00","TSNW",510,61
"403","1989-05-01T00:00:00","TPCP",23847,402
"404","1989-05-01T00:00:00","TSNW",568,395
"405","1989-06-01T00:00:00","TPCP",1048,40
"406","1989-06-01T00:00:00","TSNW",0,40
"407","1989-06-01T00:00:00","TPCP",9922,359
"408","1989-06-01T00:00:00","TSNW",0,356
"409","1989-07-01T00:00:00","TPCP",713,144
"410","1989-07-01T00:00:00","TSNW",0,141
"411","1989-07-01T00:00:00","TPCP",401,260
"412","1989-07-01T00:00:00","TSNW",0,255
"413","1989-08-01T00:00:00","TPCP",6530,243
"414","1989-08-01T00:00:00","TSNW",0,242
"415","1989-08-01T00:00:00","TPCP",2681,157
"416","1989-08-01T00:00:00","TSNW",0,154
"417","1989-09-01T00:00:00","TPCP",54430,348
"418","1989-09-01T00:00:00","TSNW",150,341
"419","1989-09-01T00:00:00","TPCP",8810,54
"420","1989-09-01T00:00:00","TSNW",20,55
"421","1989-10-01T00:00:00","TPCP",86140,399
"422","1989-10-01T00:00:00","TSNW",1632,396
"423","1989-11-01T00:00:00","TPCP",5220,48
"424","1989-11-01T00:00:00","TSNW",497,48
"425","1989-11-01T00:00:00","TPCP",43617,354
"426","1989-11-01T00:00:00","TSNW",2910,351
"427","1989-12-01T00:00:00","TPCP",2624,148
"428","1989-12-01T00:00:00","TSNW",130,147
"429","1989-12-01T00:00:00","TPCP",2298,255
"430","1989-12-01T00:00:00","TSNW",40,253
"431","1990-01-01T00:00:00","TPCP",163589,393
"432","1990-01-01T00:00:00","TSNW",13312,379
"433","1990-02-01T00:00:00","TPCP",33247,116
"434","1990-02-01T00:00:00","TSNW",11738,112
"435","1990-02-01T00:00:00","TPCP",82782,284
"436","1990-02-01T00:00:00","TSNW",16812,273
"437","1990-03-01T00:00:00","TPCP",33636,222
"438","1990-03-01T00:00:00","TSNW",5254,221
"439","1990-03-01T00:00:00","TPCP",22463,176
"440","1990-03-01T00:00:00","TSNW",2376,173
"441","1990-04-01T00:00:00","TPCP",28686,328
"442","1990-04-01T00:00:00","TSNW",219,323
"443","1990-04-01T00:00:00","TPCP",5603,69
"444","1990-04-01T00:00:00","TSNW",210,71
"445","1990-05-01T00:00:00","TPCP",105550,399
"446","1990-05-01T00:00:00","TSNW",933,392
"447","1990-06-01T00:00:00","TPCP",568,35
"448","1990-06-01T00:00:00","TSNW",23,34
"449","1990-06-01T00:00:00","TPCP",7037,366
"450","1990-06-01T00:00:00","TSNW",60,359
"451","1990-07-01T00:00:00","TPCP",3788,138
"452","1990-07-01T00:00:00","TSNW",0,137
"453","1990-07-01T00:00:00","TPCP",3899,261
"454","1990-07-01T00:00:00","TSNW",0,259
"455","1990-08-01T00:00:00","TPCP",7129,243
"456","1990-08-01T00:00:00","TSNW",1,237
"457","1990-08-01T00:00:00","TPCP",3276,158
"458","1990-08-01T00:00:00","TSNW",0,156
"459","1990-09-01T00:00:00","TPCP",11245,346
"460","1990-09-01T00:00:00","TSNW",5,340
"461","1990-09-01T00:00:00","TPCP",1400,50
"462","1990-09-01T00:00:00","TSNW",0,51
"463","1990-10-01T00:00:00","TPCP",16963,395
"464","1990-10-01T00:00:00","TSNW",35,388
"465","1990-11-01T00:00:00","TPCP",4646,58
"466","1990-11-01T00:00:00","TSNW",525,58
"467","1990-11-01T00:00:00","TPCP",25700,344
"468","1990-11-01T00:00:00","TSNW",1633,337
"469","1990-12-01T00:00:00","TPCP",17875,160
"470","1990-12-01T00:00:00","TSNW",3385,159
"471","1990-12-01T00:00:00","TPCP",21212,231
"472","1990-12-01T00:00:00","TSNW",3107,227
"473","1991-01-01T00:00:00","TPCP",42101,393
"474","1991-01-01T00:00:00","TSNW",1467,383
"475","1991-02-01T00:00:00","TPCP",27346,111
"476","1991-02-01T00:00:00","TSNW",678,113
"477","1991-02-01T00:00:00","TPCP",75895,280
"478","1991-02-01T00:00:00","TSNW",684,280
"479","1991-03-01T00:00:00","TPCP",234018,224
"480","1991-03-01T00:00:00","TSNW",27069,216
"481","1991-03-01T00:00:00","TPCP",170221,169
"482","1991-03-01T00:00:00","TSNW",9685,164
"483","1991-04-01T00:00:00","TPCP",23436,336
"484","1991-04-01T00:00:00","TSNW",1057,331
"485","1991-04-01T00:00:00","TPCP",3958,57
"486","1991-04-01T00:00:00","TSNW",295,57
"487","1991-05-01T00:00:00","TPCP",29508,394
"488","1991-05-01T00:00:00","TSNW",2955,394
"489","1991-06-01T00:00:00","TPCP",2265,50
"490","1991-06-01T00:00:00","TSNW",0,48
"491","1991-06-01T00:00:00","TPCP",11846,333
"492","1991-06-01T00:00:00","TSNW",10,328
"493","1991-07-01T00:00:00","TPCP",4419,169
"494","1991-07-01T00:00:00","TSNW",0,170
"495","1991-07-01T00:00:00","TPCP",4223,215
"496","1991-07-01T00:00:00","TSNW",0,214
"497","1991-08-01T00:00:00","TPCP",6274,288
"498","1991-08-01T00:00:00","TSNW",0,283
"499","1991-08-01T00:00:00","TPCP",1454,98
"500","1991-08-01T00:00:00","TSNW",0,97
"501","1991-09-01T00:00:00","TPCP",5982,382
"502","1991-09-01T00:00:00","TSNW",0,376
"503","1991-10-01T00:00:00","TPCP",3312,24
"504","1991-10-01T00:00:00","TSNW",0,23
"505","1991-10-01T00:00:00","TPCP",53019,359
"506","1991-10-01T00:00:00","TSNW",851,355
"507","1991-11-01T00:00:00","TPCP",18935,145
"508","1991-11-01T00:00:00","TSNW",1172,141
"509","1991-11-01T00:00:00","TPCP",20681,245
"510","1991-11-01T00:00:00","TSNW",930,241
"511","1991-12-01T00:00:00","TPCP",72451,259
"512","1991-12-01T00:00:00","TSNW",4647,255
"513","1991-12-01T00:00:00","TPCP",37311,132
"514","1991-12-01T00:00:00","TSNW",1518,130
"515","1992-01-01T00:00:00","TPCP",84342,387
"516","1992-01-01T00:00:00","TSNW",5031,381
"517","1992-02-01T00:00:00","TPCP",79388,117
"518","1992-02-01T00:00:00","TSNW",5408,115
"519","1992-02-01T00:00:00","TPCP",195054,271
"520","1992-02-01T00:00:00","TSNW",6888,265
"521","1992-03-01T00:00:00","TPCP",95063,235
"522","1992-03-01T00:00:00","TSNW",2717,229
"523","1992-03-01T00:00:00","TPCP",66018,156
"524","1992-03-01T00:00:00","TSNW",930,154
"525","1992-04-01T00:00:00","TPCP",32617,348
"526","1992-04-01T00:00:00","TSNW",20,342
"527","1992-04-01T00:00:00","TPCP",3810,45
"528","1992-04-01T00:00:00","TSNW",0,46
"529","1992-05-01T00:00:00","TPCP",7172,395
"530","1992-05-01T00:00:00","TSNW",0,390
"531","1992-06-01T00:00:00","TPCP",5093,63
"532","1992-06-01T00:00:00","TSNW",10,61
"533","1992-06-01T00:00:00","TPCP",22358,330
"534","1992-06-01T00:00:00","TSNW",122,325
"535","1992-07-01T00:00:00","TPCP",6696,175
"536","1992-07-01T00:00:00","TSNW",0,170
"537","1992-07-01T00:00:00","TPCP",6285,216
"538","1992-07-01T00:00:00","TSNW",0,214
"539","1992-08-01T00:00:00","TPCP",7144,288
"540","1992-08-01T00:00:00","TSNW",0,282
"541","1992-08-01T00:00:00","TPCP",1054,103
"542","1992-08-01T00:00:00","TSNW",0,102
"543","1992-09-01T00:00:00","TPCP",1756,394
"544","1992-09-01T00:00:00","TSNW",0,387
"545","1992-10-01T00:00:00","TPCP",1130,7
"546","1992-10-01T00:00:00","TSNW",5,7
"547","1992-10-01T00:00:00","TPCP",86695,386
"548","1992-10-01T00:00:00","TSNW",465,381
"549","1992-11-01T00:00:00","TPCP",7875,118
"550","1992-11-01T00:00:00","TSNW",242,115
"551","1992-11-01T00:00:00","TPCP",13193,274
"552","1992-11-01T00:00:00","TSNW",389,269
"553","1992-12-01T00:00:00","TPCP",166928,233
"554","1992-12-01T00:00:00","TSNW",20362,224
"555","1992-12-01T00:00:00","TPCP",116228,164
"556","1992-12-01T00:00:00","TSNW",7418,160
"557","1993-01-01T00:00:00","TPCP",429969,394
"558","1993-01-01T00:00:00","TSNW",26037,378
"559","1993-02-01T00:00:00","TPCP",78893,117
"560","1993-02-01T00:00:00","TSNW",9256,111
"561","1993-02-01T00:00:00","TPCP",186979,276
"562","1993-02-01T00:00:00","TSNW",11829,263
"563","1993-03-01T00:00:00","TPCP",76664,233
"564","1993-03-01T00:00:00","TSNW",1973,228
"565","1993-03-01T00:00:00","TPCP",52292,158
"566","1993-03-01T00:00:00","TSNW",665,156
"567","1993-04-01T00:00:00","TPCP",48041,347
"568","1993-04-01T00:00:00","TSNW",735,339
"569","1993-04-01T00:00:00","TPCP",5731,43
"570","1993-04-01T00:00:00","TSNW",330,43
"571","1993-05-01T00:00:00","TPCP",53684,384
"572","1993-05-01T00:00:00","TSNW",50,377
"573","1993-06-01T00:00:00","TPCP",9368,77
"574","1993-06-01T00:00:00","TSNW",15,76
"575","1993-06-01T00:00:00","TPCP",31374,309
"576","1993-06-01T00:00:00","TSNW",455,302
"577","1993-07-01T00:00:00","TPCP",782,197
"578","1993-07-01T00:00:00","TSNW",0,192
"579","1993-07-01T00:00:00","TPCP",273,196
"580","1993-07-01T00:00:00","TSNW",0,194
"581","1993-08-01T00:00:00","TPCP",5190,309
"582","1993-08-01T00:00:00","TSNW",0,301
"583","1993-08-01T00:00:00","TPCP",650,76
"584","1993-08-01T00:00:00","TSNW",0,76
"585","1993-09-01T00:00:00","TPCP",1083,387
"586","1993-09-01T00:00:00","TSNW",0,379
"587","1993-10-01T00:00:00","TPCP",3359,41
"588","1993-10-01T00:00:00","TSNW",0,41
"589","1993-10-01T00:00:00","TPCP",28563,350
"590","1993-10-01T00:00:00","TSNW",30,345
"591","1993-11-01T00:00:00","TPCP",27128,155
"592","1993-11-01T00:00:00","TSNW",1114,150
"593","1993-11-01T00:00:00","TPCP",36891,233
"594","1993-11-01T00:00:00","TSNW",1122,229
"595","1993-12-01T00:00:00","TPCP",73460,274
"596","1993-12-01T00:00:00","TSNW",4630,264
"597","1993-12-01T00:00:00","TPCP",30720,111
"598","1993-12-01T00:00:00","TSNW",1588,109
"599","1994-01-01T00:00:00","TPCP",80133,390
"600","1994-01-01T00:00:00","TSNW",3720,382
"601","1994-02-01T00:00:00","TPCP",55805,119
"602","1994-02-01T00:00:00","TSNW",5344,109
"603","1994-02-01T00:00:00","TPCP",126686,274
"604","1994-02-01T00:00:00","TSNW",12084,257
"605","1994-03-01T00:00:00","TPCP",32847,241
"606","1994-03-01T00:00:00","TSNW",1630,228
"607","1994-03-01T00:00:00","TPCP",18553,148
"608","1994-03-01T00:00:00","TSNW",344,146
"609","1994-04-01T00:00:00","TPCP",53077,358
"610","1994-04-01T00:00:00","TSNW",2773,348
"611","1994-04-01T00:00:00","TPCP",5306,36
"612","1994-04-01T00:00:00","TSNW",320,37
"613","1994-05-01T00:00:00","TPCP",47792,390
"614","1994-05-01T00:00:00","TSNW",843,387
"615","1994-06-01T00:00:00","TPCP",765,76
"616","1994-06-01T00:00:00","TSNW",0,74
"617","1994-06-01T00:00:00","TPCP",2638,312
"618","1994-06-01T00:00:00","TSNW",30,310
"619","1994-07-01T00:00:00","TPCP",799,191
"620","1994-07-01T00:00:00","TSNW",0,187
"621","1994-07-01T00:00:00","TPCP",278,194
"622","1994-07-01T00:00:00","TSNW",0,192
"623","1994-08-01T00:00:00","TPCP",1755,310
"624","1994-08-01T00:00:00","TSNW",0,304
"625","1994-08-01T00:00:00","TPCP",141,77
"626","1994-08-01T00:00:00","TSNW",0,77
"627","1994-09-01T00:00:00","TPCP",11022,391
"628","1994-09-01T00:00:00","TSNW",20,388
"629","1994-10-01T00:00:00","TPCP",2349,34
"630","1994-10-01T00:00:00","TSNW",112,33
"631","1994-10-01T00:00:00","TPCP",24619,354
"632","1994-10-01T00:00:00","TSNW",200,347
"633","1994-11-01T00:00:00","TPCP",66226,152
"634","1994-11-01T00:00:00","TSNW",6368,147
"635","1994-11-01T00:00:00","TPCP",92309,238
"636","1994-11-01T00:00:00","TSNW",10101,232
"637","1994-12-01T00:00:00","TPCP",83073,269
"638","1994-12-01T00:00:00","TSNW",7990,261
"639","1994-12-01T00:00:00","TPCP",33670,120
"640","1994-12-01T00:00:00","TSNW",2792,117
"641","1995-01-01T00:00:00","TPCP",551556,387
"642","1995-01-01T00:00:00","TSNW",17441,369
"643","1995-02-01T00:00:00","TPCP",18493,124
"644","1995-02-01T00:00:00","TSNW",1354,120
"645","1995-02-01T00:00:00","TPCP",35537,265
"646","1995-02-01T00:00:00","TSNW",1768,261
"647","1995-03-01T00:00:00","TPCP",250392,240
"648","1995-03-01T00:00:00","TSNW",13167,234
"649","1995-03-01T00:00:00","TPCP",158642,149
"650","1995-03-01T00:00:00","TSNW",7171,149
"651","1995-04-01T00:00:00","TPCP",95188,354
"652","1995-04-01T00:00:00","TSNW",4310,348
"653","1995-04-01T00:00:00","TPCP",8700,32
"654","1995-04-01T00:00:00","TSNW",493,35
"655","1995-05-01T00:00:00","TPCP",68232,388
"656","1995-05-01T00:00:00","TSNW",1970,383
"657","1995-06-01T00:00:00","TPCP",9705,82
"658","1995-06-01T00:00:00","TSNW",100,80
"659","1995-06-01T00:00:00","TPCP",31789,302
"660","1995-06-01T00:00:00","TSNW",471,298
"661","1995-07-01T00:00:00","TPCP",3162,203
"662","1995-07-01T00:00:00","TSNW",0,197
"663","1995-07-01T00:00:00","TPCP",2379,182
"664","1995-07-01T00:00:00","TSNW",0,181
"665","1995-08-01T00:00:00","TPCP",1714,321
"666","1995-08-01T00:00:00","TSNW",0,316
"667","1995-08-01T00:00:00","TPCP",167,64
"668","1995-08-01T00:00:00","TSNW",0,62
"669","1995-09-01T00:00:00","TPCP",2079,385
"670","1995-09-01T00:00:00","TSNW",0,384
"671","1995-10-01T00:00:00","TPCP",239,53
"672","1995-10-01T00:00:00","TSNW",0,52
"673","1995-10-01T00:00:00","TPCP",1546,329
"674","1995-10-01T00:00:00","TSNW",0,324
"675","1995-11-01T00:00:00","TPCP",8793,174
"676","1995-11-01T00:00:00","TSNW",15,173
"677","1995-11-01T00:00:00","TPCP",5033,207
"678","1995-11-01T00:00:00","TSNW",10,205
"679","1995-12-01T00:00:00","TPCP",169249,298
"680","1995-12-01T00:00:00","TSNW",3161,290
"681","1995-12-01T00:00:00","TPCP",53750,82
"682","1995-12-01T00:00:00","TSNW",1040,81
"683","1996-01-01T00:00:00","TPCP",217384,386
"684","1996-01-01T00:00:00","TSNW",17480,375
"685","1996-02-01T00:00:00","TPCP",82434,121
"686","1996-02-01T00:00:00","TSNW",3946,118
"687","1996-02-01T00:00:00","TPCP",189350,269
"688","1996-02-01T00:00:00","TSNW",10022,266
"689","1996-03-01T00:00:00","TPCP",67389,236
"690","1996-03-01T00:00:00","TSNW",3872,229
"691","1996-03-01T00:00:00","TPCP",42263,156
"692","1996-03-01T00:00:00","TSNW",1827,153
"693","1996-04-01T00:00:00","TPCP",77662,351
"694","1996-04-01T00:00:00","TSNW",1884,340
"695","1996-04-01T00:00:00","TPCP",7806,37
"696","1996-04-01T00:00:00","TSNW",480,37
"697","1996-05-01T00:00:00","TPCP",81429,388
"698","1996-05-01T00:00:00","TSNW",93,376
"699","1996-06-01T00:00:00","TPCP",1715,83
"700","1996-06-01T00:00:00","TSNW",8,79
"701","1996-06-01T00:00:00","TPCP",4704,305
"702","1996-06-01T00:00:00","TSNW",0,295
"703","1996-07-01T00:00:00","TPCP",3034,205
"704","1996-07-01T00:00:00","TSNW",0,195
"705","1996-07-01T00:00:00","TPCP",1653,181
"706","1996-07-01T00:00:00","TSNW",0,178
"707","1996-08-01T00:00:00","TPCP",1501,327
"708","1996-08-01T00:00:00","TSNW",0,314
"709","1996-08-01T00:00:00","TPCP",323,51
"710","1996-08-01T00:00:00","TSNW",0,50
"711","1996-09-01T00:00:00","TPCP",9130,374
"712","1996-09-01T00:00:00","TSNW",0,362
"713","1996-10-01T00:00:00","TPCP",13661,83
"714","1996-10-01T00:00:00","TSNW",386,80
"715","1996-10-01T00:00:00","TPCP",51231,300
"716","1996-10-01T00:00:00","TSNW",1841,286
"717","1996-11-01T00:00:00","TPCP",80886,213
"718","1996-11-01T00:00:00","TSNW",940,201
"719","1996-11-01T00:00:00","TPCP",60465,167
"720","1996-11-01T00:00:00","TSNW",447,159
"721","1996-12-01T00:00:00","TPCP",338927,347
"722","1996-12-01T00:00:00","TSNW",13003,327
"723","1996-12-01T00:00:00","TPCP",36737,38
"724","1996-12-01T00:00:00","TSNW",2796,39
"725","1997-01-01T00:00:00","TPCP",338406,385
"726","1997-01-01T00:00:00","TSNW",15713,367
"727","1997-02-01T00:00:00","TPCP",9237,126
"728","1997-02-01T00:00:00","TSNW",732,122
"729","1997-02-01T00:00:00","TPCP",15776,253
"730","1997-02-01T00:00:00","TSNW",1255,243
"731","1997-03-01T00:00:00","TPCP",21290,257
"732","1997-03-01T00:00:00","TSNW",1247,247
"733","1997-03-01T00:00:00","TPCP",9385,125
"734","1997-03-01T00:00:00","TSNW",503,118
"735","1997-04-01T00:00:00","TPCP",31424,387
"736","1997-04-01T00:00:00","TSNW",702,370
"737","1997-05-01T00:00:00","TPCP",14145,388
"738","1997-05-01T00:00:00","TSNW",10,370
"739","1997-06-01T00:00:00","TPCP",8869,124
"740","1997-06-01T00:00:00","TSNW",20,118
"741","1997-06-01T00:00:00","TPCP",14468,262
"742","1997-06-01T00:00:00","TSNW",3,251
"743","1997-07-01T00:00:00","TPCP",4958,249
"744","1997-07-01T00:00:00","TSNW",10,238
"745","1997-07-01T00:00:00","TPCP",1324,134
"746","1997-07-01T00:00:00","TSNW",0,129
"747","1997-08-01T00:00:00","TPCP",11968,377
"748","1997-08-01T00:00:00","TSNW",0,360
"749","1997-08-01T00:00:00","TPCP",519,8
"750","1997-08-01T00:00:00","TSNW",0,8
"751","1997-09-01T00:00:00","TPCP",30662,385
"752","1997-09-01T00:00:00","TSNW",0,368
"753","1997-10-01T00:00:00","TPCP",15478,118
"754","1997-10-01T00:00:00","TSNW",81,113
"755","1997-10-01T00:00:00","TPCP",28770,269
"756","1997-10-01T00:00:00","TSNW",525,259
"757","1997-11-01T00:00:00","TPCP",105626,241
"758","1997-11-01T00:00:00","TSNW",1674,231
"759","1997-11-01T00:00:00","TPCP",70570,145
"760","1997-11-01T00:00:00","TSNW",621,140
"761","1997-12-01T00:00:00","TPCP",122420,366
"762","1997-12-01T00:00:00","TSNW",6939,349
"763","1997-12-01T00:00:00","TPCP",6288,19
"764","1997-12-01T00:00:00","TSNW",145,20
"765","1998-01-01T00:00:00","TPCP",312601,388
"766","1998-01-01T00:00:00","TSNW",10983,369
"767","1998-02-01T00:00:00","TPCP",154762,126
"768","1998-02-01T00:00:00","TSNW",6504,117
"769","1998-02-01T00:00:00","TPCP",359195,263
"770","1998-02-01T00:00:00","TSNW",17662,252
"771","1998-03-01T00:00:00","TPCP",105131,249
"772","1998-03-01T00:00:00","TSNW",6197,236
"773","1998-03-01T00:00:00","TPCP",58316,138
"774","1998-03-01T00:00:00","TSNW",2578,132
"775","1998-04-01T00:00:00","TPCP",91916,373
"776","1998-04-01T00:00:00","TSNW",8823,357
"777","1998-04-01T00:00:00","TPCP",2493,12
"778","1998-04-01T00:00:00","TSNW",108,12
"779","1998-05-01T00:00:00","TPCP",145883,386
"780","1998-05-01T00:00:00","TSNW",3216,369
"781","1998-06-01T00:00:00","TPCP",9055,113
"782","1998-06-01T00:00:00","TSNW",20,108
"783","1998-06-01T00:00:00","TPCP",16988,275
"784","1998-06-01T00:00:00","TSNW",55,262
"785","1998-07-01T00:00:00","TPCP",2979,236
"786","1998-07-01T00:00:00","TSNW",0,227
"787","1998-07-01T00:00:00","TPCP",969,147
"788","1998-07-01T00:00:00","TSNW",0,141
"789","1998-08-01T00:00:00","TPCP",3760,363
"790","1998-08-01T00:00:00","TSNW",0,349
"791","1998-08-01T00:00:00","TPCP",81,23
"792","1998-08-01T00:00:00","TSNW",0,23
"793","1998-09-01T00:00:00","TPCP",22197,388
"794","1998-09-01T00:00:00","TSNW",20,371
"795","1998-10-01T00:00:00","TPCP",7688,100
"796","1998-10-01T00:00:00","TSNW",0,95
"797","1998-10-01T00:00:00","TPCP",20539,284
"798","1998-10-01T00:00:00","TSNW",135,272
"799","1998-11-01T00:00:00","TPCP",107862,227
"800","1998-11-01T00:00:00","TSNW",3823,217
"801","1998-11-01T00:00:00","TPCP",71834,163
"802","1998-11-01T00:00:00","TSNW",1276,158
"803","1998-12-01T00:00:00","TPCP",61529,347
"804","1998-12-01T00:00:00","TSNW",7359,332
"805","1998-12-01T00:00:00","TPCP",6236,40
"806","1998-12-01T00:00:00","TSNW",1492,40
"807","1999-01-01T00:00:00","TPCP",150763,384
"808","1999-01-01T00:00:00","TSNW",9304,371
"809","1999-02-01T00:00:00","TPCP",71644,125
"810","1999-02-01T00:00:00","TSNW",4111,120
"811","1999-02-01T00:00:00","TPCP",143128,267
"812","1999-02-01T00:00:00","TSNW",9455,256
"813","1999-03-01T00:00:00","TPCP",64930,244
"814","1999-03-01T00:00:00","TSNW",6651,233
"815","1999-03-01T00:00:00","TPCP",42269,151
"816","1999-03-01T00:00:00","TSNW",2377,145
"817","1999-04-01T00:00:00","TPCP",71663,359
"818","1999-04-01T00:00:00","TSNW",10961,345
"819","1999-04-01T00:00:00","TPCP",6013,31
"820","1999-04-01T00:00:00","TSNW",323,31
"821","1999-05-01T00:00:00","TPCP",12655,394
"822","1999-05-01T00:00:00","TSNW",513,378
"823","1999-06-01T00:00:00","TPCP",3166,85
"824","1999-06-01T00:00:00","TSNW",25,81
"825","1999-06-01T00:00:00","TPCP",8029,311
"826","1999-06-01T00:00:00","TSNW",389,298
"827","1999-07-01T00:00:00","TPCP",4719,201
"828","1999-07-01T00:00:00","TSNW",0,190
"829","1999-07-01T00:00:00","TPCP",2567,190
"830","1999-07-01T00:00:00","TSNW",0,185
"831","1999-08-01T00:00:00","TPCP",5157,321
"832","1999-08-01T00:00:00","TSNW",0,304
"833","1999-08-01T00:00:00","TPCP",1093,72
"834","1999-08-01T00:00:00","TSNW",0,70
"835","1999-09-01T00:00:00","TPCP",4871,389
"836","1999-09-01T00:00:00","TSNW",0,371
"837","1999-10-01T00:00:00","TPCP",2783,51
"838","1999-10-01T00:00:00","TSNW",10,47
"839","1999-10-01T00:00:00","TPCP",23822,341
"840","1999-10-01T00:00:00","TSNW",0,326
"841","1999-11-01T00:00:00","TPCP",45880,171
"842","1999-11-01T00:00:00","TSNW",350,162
"843","1999-11-01T00:00:00","TPCP",43259,216
"844","1999-11-01T00:00:00","TSNW",414,207
"845","1999-12-01T00:00:00","TPCP",19642,298
"846","1999-12-01T00:00:00","TSNW",1575,279
"847","1999-12-01T00:00:00","TPCP",5465,92
"848","1999-12-01T00:00:00","TSNW",407,89
"849","2000-01-01T00:00:00","TPCP",220030,391
"850","2000-01-01T00:00:00","TSNW",6959,369
"851","2000-02-01T00:00:00","TPCP",99519,124
"852","2000-02-01T00:00:00","TSNW",4883,116
"853","2000-02-01T00:00:00","TPCP",229471,270
"854","2000-02-01T00:00:00","TSNW",11404,256
"855","2000-03-01T00:00:00","TPCP",51683,244
"856","2000-03-01T00:00:00","TSNW",4444,230
"857","2000-03-01T00:00:00","TPCP",31985,148
"858","2000-03-01T00:00:00","TSNW",1377,138
"859","2000-04-01T00:00:00","TPCP",71465,368
"860","2000-04-01T00:00:00","TSNW",890,346
"861","2000-04-01T00:00:00","TPCP",4606,21
"862","2000-04-01T00:00:00","TSNW",98,21
"863","2000-05-01T00:00:00","TPCP",38544,386
"864","2000-05-01T00:00:00","TSNW",478,365
"865","2000-06-01T00:00:00","TPCP",3431,106
"866","2000-06-01T00:00:00","TSNW",0,101
"867","2000-06-01T00:00:00","TPCP",8436,273
"868","2000-06-01T00:00:00","TSNW",0,255
"869","2000-07-01T00:00:00","TPCP",1389,243
"870","2000-07-01T00:00:00","TSNW",0,229
"871","2000-07-01T00:00:00","TPCP",414,139
"872","2000-07-01T00:00:00","TSNW",0,131
"873","2000-08-01T00:00:00","TPCP",5783,374
"874","2000-08-01T00:00:00","TSNW",0,356
"875","2000-08-01T00:00:00","TPCP",25,2
"876","2000-08-01T00:00:00","TSNW",0,3
"877","2000-09-01T00:00:00","TPCP",15783,371
"878","2000-09-01T00:00:00","TSNW",0,345
"879","2000-10-01T00:00:00","TPCP",37724,144
"880","2000-10-01T00:00:00","TSNW",442,135
"881","2000-10-01T00:00:00","TPCP",55292,232
"882","2000-10-01T00:00:00","TSNW",780,210
"883","2000-11-01T00:00:00","TPCP",23271,287
"884","2000-11-01T00:00:00","TSNW",2214,271
"885","2000-11-01T00:00:00","TPCP",7069,89
"886","2000-11-01T00:00:00","TSNW",490,80
"887","2000-12-01T00:00:00","TPCP",31015,378
"888","2000-12-01T00:00:00","TSNW",2009,343
"889","2001-01-01T00:00:00","TPCP",147968,377
"890","2001-01-01T00:00:00","TSNW",12976,347
"891","2001-02-01T00:00:00","TPCP",66525,144
"892","2001-02-01T00:00:00","TSNW",7771,132
"893","2001-02-01T00:00:00","TPCP",125976,237
"894","2001-02-01T00:00:00","TSNW",13627,214
"895","2001-03-01T00:00:00","TPCP",62712,287
"896","2001-03-01T00:00:00","TSNW",2677,262
"897","2001-03-01T00:00:00","TPCP",18286,83
"898","2001-03-01T00:00:00","TSNW",565,74
"899","2001-04-01T00:00:00","TPCP",69713,379
"900","2001-04-01T00:00:00","TSNW",8026,346
"901","2001-05-01T00:00:00","TPCP",629,62
"902","2001-05-01T00:00:00","TSNW",0,56
"903","2001-05-01T00:00:00","TPCP",3465,319
"904","2001-05-01T00:00:00","TSNW",0,289
"905","2001-06-01T00:00:00","TPCP",5469,203
"906","2001-06-01T00:00:00","TSNW",0,189
"907","2001-06-01T00:00:00","TPCP",4084,180
"908","2001-06-01T00:00:00","TSNW",0,165
"909","2001-07-01T00:00:00","TPCP",6102,343
"910","2001-07-01T00:00:00","TSNW",0,312
"911","2001-07-01T00:00:00","TPCP",666,42
"912","2001-07-01T00:00:00","TSNW",0,41
"913","2001-08-01T00:00:00","TPCP",1451,383
"914","2001-08-01T00:00:00","TSNW",0,348
"915","2001-09-01T00:00:00","TPCP",3334,97
"916","2001-09-01T00:00:00","TSNW",0,89
"917","2001-09-01T00:00:00","TPCP",6725,289
"918","2001-09-01T00:00:00","TSNW",0,265
"919","2001-10-01T00:00:00","TPCP",17037,233
"920","2001-10-01T00:00:00","TSNW",0,213
"921","2001-10-01T00:00:00","TPCP",9189,155
"922","2001-10-01T00:00:00","TSNW",0,138
"923","2001-11-01T00:00:00","TPCP",161009,372
"924","2001-11-01T00:00:00","TSNW",5730,335
"925","2001-11-01T00:00:00","TPCP",9500,12
"926","2001-11-01T00:00:00","TSNW",203,12
"927","2001-12-01T00:00:00","TPCP",227736,380
"928","2001-12-01T00:00:00","TSNW",14765,345
"929","2002-01-01T00:00:00","TPCP",91748,381
"930","2002-01-01T00:00:00","TSNW",6786,350
"931","2002-02-01T00:00:00","TPCP",25880,138
"932","2002-02-01T00:00:00","TSNW",706,131
"933","2002-02-01T00:00:00","TPCP",36560,246
"934","2002-02-01T00:00:00","TSNW",1120,223
"935","2002-03-01T00:00:00","TPCP",65800,278
"936","2002-03-01T00:00:00","TSNW",6890,253
"937","2002-03-01T00:00:00","TPCP",21246,103
"938","2002-03-01T00:00:00","TSNW",1270,91
"939","2002-04-01T00:00:00","TPCP",31206,386
"940","2002-04-01T00:00:00","TSNW",3216,352
"941","2002-05-01T00:00:00","TPCP",2479,37
"942","2002-05-01T00:00:00","TSNW",170,31
"943","2002-05-01T00:00:00","TPCP",24093,348
"944","2002-05-01T00:00:00","TSNW",819,324
"945","2002-06-01T00:00:00","TPCP",1170,170
"946","2002-06-01T00:00:00","TSNW",10,158
"947","2002-06-01T00:00:00","TPCP",854,204
"948","2002-06-01T00:00:00","TSNW",15,182
"949","2002-07-01T00:00:00","TPCP",1426,320
"950","2002-07-01T00:00:00","TSNW",0,294
"951","2002-07-01T00:00:00","TPCP",229,65
"952","2002-07-01T00:00:00","TSNW",0,62
"953","2002-08-01T00:00:00","TPCP",284,384
"954","2002-08-01T00:00:00","TSNW",0,356
"955","2002-09-01T00:00:00","TPCP",690,69
"956","2002-09-01T00:00:00","TSNW",0,64
"957","2002-09-01T00:00:00","TPCP",2343,316
"958","2002-09-01T00:00:00","TSNW",0,291
"959","2002-10-01T00:00:00","TPCP",810,204
"960","2002-10-01T00:00:00","TSNW",14,189
"961","2002-10-01T00:00:00","TPCP",527,180
"962","2002-10-01T00:00:00","TSNW",0,165
"963","2002-11-01T00:00:00","TPCP",116305,343
"964","2002-11-01T00:00:00","TSNW",549,312
"965","2002-11-01T00:00:00","TPCP",13231,39
"966","2002-11-01T00:00:00","TSNW",100,39
"967","2002-12-01T00:00:00","TPCP",354743,385
"968","2002-12-01T00:00:00","TSNW",17052,357
"969","2003-01-01T00:00:00","TPCP",79753,388
"970","2003-01-01T00:00:00","TSNW",571,360
"971","2003-02-01T00:00:00","TPCP",33649,131
"972","2003-02-01T00:00:00","TSNW",1726,121
"973","2003-02-01T00:00:00","TPCP",75625,259
"974","2003-02-01T00:00:00","TSNW",2144,234
"975","2003-03-01T00:00:00","TPCP",76453,262
"976","2003-03-01T00:00:00","TSNW",1512,245
"977","2003-03-01T00:00:00","TPCP",34156,121
"978","2003-03-01T00:00:00","TSNW",152,106
"979","2003-04-01T00:00:00","TPCP",159272,385
"980","2003-04-01T00:00:00","TSNW",11657,347
"981","2003-05-01T00:00:00","TPCP",2396,21
"982","2003-05-01T00:00:00","TSNW",40,20
"983","2003-05-01T00:00:00","TPCP",41610,357
"984","2003-05-01T00:00:00","TSNW",1036,321
"985","2003-06-01T00:00:00","TPCP",667,167
"986","2003-06-01T00:00:00","TSNW",0,155
"987","2003-06-01T00:00:00","TPCP",682,205
"988","2003-06-01T00:00:00","TSNW",0,186
"989","2003-07-01T00:00:00","TPCP",5321,321
"990","2003-07-01T00:00:00","TSNW",0,288
"991","2003-07-01T00:00:00","TPCP",791,54
"992","2003-07-01T00:00:00","TSNW",0,51
"993","2003-08-01T00:00:00","TPCP",19633,383
"994","2003-08-01T00:00:00","TSNW",0,353
"995","2003-09-01T00:00:00","TPCP",1036,83
"996","2003-09-01T00:00:00","TSNW",0,76
"997","2003-09-01T00:00:00","TPCP",3472,296
"998","2003-09-01T00:00:00","TSNW",0,272
"999","2003-10-01T00:00:00","TPCP",1991,224
"1000","2003-10-01T00:00:00","TSNW",57,208
"1001","2003-10-01T00:00:00","TPCP",1276,147
"1002","2003-10-01T00:00:00","TSNW",72,136
"1003","2003-11-01T00:00:00","TPCP",84983,374
"1004","2003-11-01T00:00:00","TSNW",3123,343
"1005","2003-11-01T00:00:00","TPCP",21,1
"1006","2003-11-01T00:00:00","TSNW",5,1
"1007","2003-12-01T00:00:00","TPCP",240322,375
"1008","2003-12-01T00:00:00","TSNW",13391,349
"1009","2004-01-01T00:00:00","TPCP",92615,399
"1010","2004-01-01T00:00:00","TSNW",7948,367
"1011","2004-02-01T00:00:00","TPCP",73210,120
"1012","2004-02-01T00:00:00","TSNW",3294,114
"1013","2004-02-01T00:00:00","TPCP",177373,278
"1014","2004-02-01T00:00:00","TSNW",7269,257
"1015","2004-03-01T00:00:00","TPCP",25917,241
"1016","2004-03-01T00:00:00","TSNW",1491,224
"1017","2004-03-01T00:00:00","TPCP",15090,149
"1018","2004-03-01T00:00:00","TSNW",424,134
"1019","2004-04-01T00:00:00","TPCP",24151,370
"1020","2004-04-01T00:00:00","TSNW",487,347
"1021","2004-04-01T00:00:00","TPCP",340,5
"1022","2004-04-01T00:00:00","TSNW",10,6
"1023","2004-05-01T00:00:00","TPCP",12880,386
"1024","2004-05-01T00:00:00","TSNW",244,358
"1025","2004-06-01T00:00:00","TPCP",952,125
"1026","2004-06-01T00:00:00","TSNW",0,120
"1027","2004-06-01T00:00:00","TPCP",1377,262
"1028","2004-06-01T00:00:00","TSNW",20,240
"1029","2004-07-01T00:00:00","TPCP",1617,258
"1030","2004-07-01T00:00:00","TSNW",0,240
"1031","2004-07-01T00:00:00","TPCP",112,124
"1032","2004-07-01T00:00:00","TSNW",0,115
"1033","2004-08-01T00:00:00","TPCP",3823,385
"1034","2004-08-01T00:00:00","TSNW",0,354
"1035","2004-09-01T00:00:00","TPCP",239,11
"1036","2004-09-01T00:00:00","TSNW",0,11
"1037","2004-09-01T00:00:00","TPCP",5788,373
"1038","2004-09-01T00:00:00","TSNW",40,340
"1039","2004-10-01T00:00:00","TPCP",67106,147
"1040","2004-10-01T00:00:00","TSNW",1103,140
"1041","2004-10-01T00:00:00","TPCP",106771,235
"1042","2004-10-01T00:00:00","TSNW",2029,218
"1043","2004-11-01T00:00:00","TPCP",47763,284
"1044","2004-11-01T00:00:00","TSNW",2781,263
"1045","2004-11-01T00:00:00","TPCP",13708,92
"1046","2004-11-01T00:00:00","TSNW",592,87
"1047","2004-12-01T00:00:00","TPCP",227063,374
"1048","2004-12-01T00:00:00","TSNW",11240,347
"1049","2005-01-01T00:00:00","TPCP",244313,376
"1050","2005-01-01T00:00:00","TSNW",15200,348
"1051","2005-02-01T00:00:00","TPCP",61894,142
"1052","2005-02-01T00:00:00","TSNW",1409,134
"1053","2005-02-01T00:00:00","TPCP",120686,236
"1054","2005-02-01T00:00:00","TSNW",2115,212
"1055","2005-03-01T00:00:00","TPCP",119913,286
"1056","2005-03-01T00:00:00","TSNW",4592,266
"1057","2005-03-01T00:00:00","TPCP",40094,95
"1058","2005-03-01T00:00:00","TSNW",1000,87
"1059","2005-04-01T00:00:00","TPCP",66575,371
"1060","2005-04-01T00:00:00","TSNW",3036,346
"1061","2005-05-01T00:00:00","TPCP",15997,53
"1062","2005-05-01T00:00:00","TSNW",90,48
"1063","2005-05-01T00:00:00","TPCP",79351,318
"1064","2005-05-01T00:00:00","TSNW",576,295
"1065","2005-06-01T00:00:00","TPCP",13525,200
"1066","2005-06-01T00:00:00","TSNW",0,187
"1067","2005-06-01T00:00:00","TPCP",10957,158
"1068","2005-06-01T00:00:00","TSNW",10,143
"1069","2005-07-01T00:00:00","TPCP",3531,362
"1070","2005-07-01T00:00:00","TSNW",0,337
"1071","2005-07-01T00:00:00","TPCP",115,8
"1072","2005-07-01T00:00:00","TSNW",0,8
"1073","2005-08-01T00:00:00","TPCP",5627,378
"1074","2005-08-01T00:00:00","TSNW",0,350
"1075","2005-09-01T00:00:00","TPCP",4154,131
"1076","2005-09-01T00:00:00","TSNW",0,125
"1077","2005-09-01T00:00:00","TPCP",5144,246
"1078","2005-09-01T00:00:00","TSNW",0,222
"1079","2005-10-01T00:00:00","TPCP",26437,275
"1080","2005-10-01T00:00:00","TSNW",50,257
"1081","2005-10-01T00:00:00","TPCP",7955,91
"1082","2005-10-01T00:00:00","TSNW",0,83
"1083","2005-11-01T00:00:00","TPCP",73713,362
"1084","2005-11-01T00:00:00","TSNW",2715,337
"1085","2005-12-01T00:00:00","TPCP",61381,66
"1086","2005-12-01T00:00:00","TSNW",952,61
"1087","2005-12-01T00:00:00","TPCP",248722,307
"1088","2005-12-01T00:00:00","TSNW",1908,282
"1089","2006-01-01T00:00:00","TPCP",179923,377
"1090","2006-01-01T00:00:00","TSNW",8714,348
"1091","2006-02-01T00:00:00","TPCP",45303,142
"1092","2006-02-01T00:00:00","TSNW",1563,133
"1093","2006-02-01T00:00:00","TPCP",67935,231
"1094","2006-02-01T00:00:00","TSNW",2236,210
"1095","2006-03-01T00:00:00","TPCP",198841,294
"1096","2006-03-01T00:00:00","TSNW",20495,265
"1097","2006-03-01T00:00:00","TPCP",30096,45
"1098","2006-03-01T00:00:00","TSNW",2519,44
"1099","2006-04-01T00:00:00","TPCP",180746,368
"1100","2006-04-01T00:00:00","TSNW",7040,343
"1101","2006-05-01T00:00:00","TPCP",7905,103
"1102","2006-05-01T00:00:00","TSNW",55,97
"1103","2006-05-01T00:00:00","TPCP",21679,274
"1104","2006-05-01T00:00:00","TSNW",305,250
"1105","2006-06-01T00:00:00","TPCP",3224,245
"1106","2006-06-01T00:00:00","TSNW",0,231
"1107","2006-06-01T00:00:00","TPCP",1060,123
"1108","2006-06-01T00:00:00","TSNW",0,111
"1109","2006-07-01T00:00:00","TPCP",3198,374
"1110","2006-07-01T00:00:00","TSNW",0,347
"1111","2006-08-01T00:00:00","TPCP",25,23
"1112","2006-08-01T00:00:00","TSNW",0,22
"1113","2006-08-01T00:00:00","TPCP",1283,346
"1114","2006-08-01T00:00:00","TSNW",0,320
"1115","2006-09-01T00:00:00","TPCP",1031,171
"1116","2006-09-01T00:00:00","TSNW",0,163
"1117","2006-09-01T00:00:00","TPCP",521,197
"1118","2006-09-01T00:00:00","TSNW",0,177
"1119","2006-10-01T00:00:00","TPCP",12366,325
"1120","2006-10-01T00:00:00","TSNW",163,301
"1121","2006-10-01T00:00:00","TPCP",1233,43
"1122","2006-10-01T00:00:00","TSNW",0,45
"1123","2006-11-01T00:00:00","TPCP",76895,369
"1124","2006-11-01T00:00:00","TSNW",2063,346
"1125","2006-12-01T00:00:00","TPCP",33586,101
"1126","2006-12-01T00:00:00","TSNW",1152,96
"1127","2006-12-01T00:00:00","TPCP",91851,271
"1128","2006-12-01T00:00:00","TSNW",2443,247
"1129","2007-01-01T00:00:00","TPCP",31229,368
"1130","2007-01-01T00:00:00","TSNW",1256,338
"1131","2007-02-01T00:00:00","TPCP",79785,151
"1132","2007-02-01T00:00:00","TSNW",6351,143
"1133","2007-02-01T00:00:00","TPCP",98783,232
"1134","2007-02-01T00:00:00","TSNW",7216,208
"1135","2007-03-01T00:00:00","TPCP",20022,292
"1136","2007-03-01T00:00:00","TSNW",1718,268
"1137","2007-03-01T00:00:00","TPCP",4701,78
"1138","2007-03-01T00:00:00","TSNW",438,73
"1139","2007-04-01T00:00:00","TPCP",49551,373
"1140","2007-04-01T00:00:00","TSNW",2395,344
"1141","2007-05-01T00:00:00","TPCP",3092,68
"1142","2007-05-01T00:00:00","TSNW",75,64
"1143","2007-05-01T00:00:00","TPCP",9398,292
"1144","2007-05-01T00:00:00","TSNW",207,270
"1145","2007-06-01T00:00:00","TPCP",3283,225
"1146","2007-06-01T00:00:00","TSNW",41,213
"1147","2007-06-01T00:00:00","TPCP",852,142
"1148","2007-06-01T00:00:00","TSNW",6,128
"1149","2007-07-01T00:00:00","TPCP",6981,363
"1150","2007-07-01T00:00:00","TSNW",0,335
"1151","2007-08-01T00:00:00","TPCP",36,16
"1152","2007-08-01T00:00:00","TSNW",0,16
"1153","2007-08-01T00:00:00","TPCP",2609,339
"1154","2007-08-01T00:00:00","TSNW",0,313
"1155","2007-09-01T00:00:00","TPCP",9356,178
"1156","2007-09-01T00:00:00","TSNW",66,170
"1157","2007-09-01T00:00:00","TPCP",7177,169
"1158","2007-09-01T00:00:00","TSNW",47,154
"1159","2007-10-01T00:00:00","TPCP",54456,350
"1160","2007-10-01T00:00:00","TSNW",582,323
"1161","2007-11-01T00:00:00","TPCP",103,2
"1162","2007-11-01T00:00:00","TSNW",0,2
"1163","2007-11-01T00:00:00","TPCP",27476,355
"1164","2007-11-01T00:00:00","TSNW",110,327
"1165","2007-12-01T00:00:00","TPCP",60415,163
"1166","2007-12-01T00:00:00","TSNW",3423,155
"1167","2007-12-01T00:00:00","TPCP",61440,191
"1168","2007-12-01T00:00:00","TSNW",3130,174
"1169","2008-01-01T00:00:00","TPCP",286506,354
"1170","2008-01-01T00:00:00","TSNW",20700,318
"1171","2008-02-01T00:00:00","TPCP",54976,170
"1172","2008-02-01T00:00:00","TSNW",7310,158
"1173","2008-02-01T00:00:00","TPCP",56119,180
"1174","2008-02-01T00:00:00","TSNW",5975,165
"1175","2008-03-01T00:00:00","TPCP",18044,340
"1176","2008-03-01T00:00:00","TSNW",1510,315
"1177","2008-03-01T00:00:00","TPCP",756,11
"1178","2008-03-01T00:00:00","TSNW",50,11
"1179","2008-04-01T00:00:00","TPCP",8818,345
"1180","2008-04-01T00:00:00","TSNW",575,322
"1181","2008-05-01T00:00:00","TPCP",9538,159
"1182","2008-05-01T00:00:00","TSNW",78,152
"1183","2008-05-01T00:00:00","TPCP",7703,199
"1184","2008-05-01T00:00:00","TSNW",145,179
"1185","2008-06-01T00:00:00","TPCP",737,323
"1186","2008-06-01T00:00:00","TSNW",0,299
"1187","2008-06-01T00:00:00","TPCP",34,21
"1188","2008-06-01T00:00:00","TSNW",0,21
"1189","2008-07-01T00:00:00","TPCP",2627,349
"1190","2008-07-01T00:00:00","TSNW",0,324
"1191","2008-08-01T00:00:00","TPCP",1594,146
"1192","2008-08-01T00:00:00","TSNW",0,139
"1193","2008-08-01T00:00:00","TPCP",936,202
"1194","2008-08-01T00:00:00","TSNW",0,182
"1195","2008-09-01T00:00:00","TPCP",926,320
"1196","2008-09-01T00:00:00","TSNW",0,296
"1197","2008-09-01T00:00:00","TPCP",126,32
"1198","2008-09-01T00:00:00","TSNW",0,32
"1199","2008-10-01T00:00:00","TPCP",24910,350
"1200","2008-10-01T00:00:00","TSNW",121,327
"1201","2008-11-01T00:00:00","TPCP",34332,131
"1202","2008-11-01T00:00:00","TSNW",200,128
"1203","2008-11-01T00:00:00","TPCP",51495,218
"1204","2008-11-01T00:00:00","TSNW",380,196
"1205","2008-12-01T00:00:00","TPCP",98142,308
"1206","2008-12-01T00:00:00","TSNW",12474,278
"1207","2008-12-01T00:00:00","TPCP",12953,45
"1208","2008-12-01T00:00:00","TSNW",2698,44
"1209","2009-01-01T00:00:00","TPCP",46923,348
"1210","2009-01-01T00:00:00","TSNW",1473,324
"1211","2009-02-01T00:00:00","TPCP",90217,170
"1212","2009-02-01T00:00:00","TSNW",8562,158
"1213","2009-02-01T00:00:00","TPCP",109027,189
"1214","2009-02-01T00:00:00","TSNW",7698,170
"1215","2009-03-01T00:00:00","TPCP",76348,336
"1216","2009-03-01T00:00:00","TSNW",6861,305
"1217","2009-03-01T00:00:00","TPCP",4835,21
"1218","2009-03-01T00:00:00","TSNW",11,21
"1219","2009-04-01T00:00:00","TPCP",20844,360
"1220","2009-04-01T00:00:00","TSNW",1569,329
"1221","2009-05-01T00:00:00","TPCP",21510,138
"1222","2009-05-01T00:00:00","TSNW",0,131
"1223","2009-05-01T00:00:00","TPCP",25245,220
"1224","2009-05-01T00:00:00","TSNW",0,197
"1225","2009-06-01T00:00:00","TPCP",13112,306
"1226","2009-06-01T00:00:00","TSNW",50,277
"1227","2009-06-01T00:00:00","TPCP",2938,52
"1228","2009-06-01T00:00:00","TSNW",0,50
"1229","2009-07-01T00:00:00","TPCP",1371,356
"1230","2009-07-01T00:00:00","TSNW",0,325
"1231","2009-08-01T00:00:00","TPCP",804,111
"1232","2009-08-01T00:00:00","TSNW",0,106
"1233","2009-08-01T00:00:00","TPCP",1518,242
"1234","2009-08-01T00:00:00","TSNW",0,219
"1235","2009-09-01T00:00:00","TPCP",3379,283
"1236","2009-09-01T00:00:00","TSNW",0,256
"1237","2009-09-01T00:00:00","TPCP",677,62
"1238","2009-09-01T00:00:00","TSNW",0,62
"1239","2009-10-01T00:00:00","TPCP",83989,344
"1240","2009-10-01T00:00:00","TSNW",226,319
"1241","2009-11-01T00:00:00","TPCP",11301,108
"1242","2009-11-01T00:00:00","TSNW",705,105
"1243","2009-11-01T00:00:00","TPCP",17902,239
"1244","2009-11-01T00:00:00","TSNW",1143,219
"1245","2009-12-01T00:00:00","TPCP",96573,284
"1246","2009-12-01T00:00:00","TSNW",8666,258
"1247","2009-12-01T00:00:00","TPCP",19213,60
"1248","2009-12-01T00:00:00","TSNW",2308,60
"1249","2010-01-01T00:00:00","TPCP",239567,348
"1250","2010-01-01T00:00:00","TSNW",12627,320
"1251","2010-02-01T00:00:00","TPCP",66499,171
"1252","2010-02-01T00:00:00","TSNW",2848,161
"1253","2010-02-01T00:00:00","TPCP",74798,186
"1254","2010-02-01T00:00:00","TSNW",2477,169
"1255","2010-03-01T00:00:00","TPCP",76683,334
"1256","2010-03-01T00:00:00","TSNW",6955,311
"1257","2010-03-01T00:00:00","TPCP",1186,10
"1258","2010-03-01T00:00:00","TSNW",113,12
"1259","2010-04-01T00:00:00","TPCP",126332,352
"1260","2010-04-01T00:00:00","TSNW",9074,323
"1261","2010-05-01T00:00:00","TPCP",18151,154
"1262","2010-05-01T00:00:00","TSNW",686,149
"1263","2010-05-01T00:00:00","TPCP",19171,189
"1264","2010-05-01T00:00:00","TSNW",708,170
"1265","2010-06-01T00:00:00","TPCP",7510,331
"1266","2010-06-01T00:00:00","TSNW",1,310
"1267","2010-06-01T00:00:00","TPCP",50,10
"1268","2010-06-01T00:00:00","TSNW",0,12
"1269","2010-07-01T00:00:00","TPCP",1526,340
"1270","2010-07-01T00:00:00","TSNW",0,315
"1271","2010-08-01T00:00:00","TPCP",1314,166
"1272","2010-08-01T00:00:00","TSNW",0,157
"1273","2010-08-01T00:00:00","TPCP",975,177
"1274","2010-08-01T00:00:00","TSNW",0,159
"1275","2010-09-01T00:00:00","TPCP",4618,339
"1276","2010-09-01T00:00:00","TSNW",0,314
"1277","2010-10-01T00:00:00","TPCP",1137,6
"1278","2010-10-01T00:00:00","TSNW",0,5
"1279","2010-10-01T00:00:00","TPCP",98035,329
"1280","2010-10-01T00:00:00","TSNW",114,303
"1281","2010-11-01T00:00:00","TPCP",53729,190
"1282","2010-11-01T00:00:00","TSNW",7545,178
"1283","2010-11-01T00:00:00","TPCP",40845,149
"1284","2010-11-01T00:00:00","TSNW",2863,133
"1285","2010-12-01T00:00:00","TPCP",294019,339
"1286","2010-12-01T00:00:00","TSNW",9893,311
"1287","2011-01-01T00:00:00","TPCP",32137,245
"1288","2011-01-01T00:00:00","TSNW",3716,353
"1289","2011-02-01T00:00:00","TPCP",55977,163
"1290","2011-02-01T00:00:00","TSNW",14046,239
"1291","2011-02-01T00:00:00","TPCP",25025,75
"1292","2011-02-01T00:00:00","TSNW",5883,114
"1293","2011-03-01T00:00:00","TPCP",167532,250
"1294","2011-03-01T00:00:00","TSNW",21805,353
"1295","2011-04-01T00:00:00","TPCP",8994,82
"1296","2011-04-01T00:00:00","TSNW",675,126
"1297","2011-04-01T00:00:00","TPCP",10543,157
"1298","2011-04-01T00:00:00","TSNW",1321,227
"1299","2011-05-01T00:00:00","TPCP",30544,230
"1300","2011-05-01T00:00:00","TSNW",2574,353
"1301","2011-06-01T00:00:00","TPCP",884,14
"1302","2011-06-01T00:00:00","TSNW",0,19
"1303","2011-06-01T00:00:00","TPCP",25668,228
"1304","2011-06-01T00:00:00","TSNW",250,334
"1305","2011-07-01T00:00:00","TPCP",2592,200
"1306","2011-07-01T00:00:00","TSNW",0,238
"1307","2011-07-01T00:00:00","TPCP",1010,91
"1308","2011-07-01T00:00:00","TSNW",0,116
"1309","2011-08-01T00:00:00","TPCP",1572,288
"1310","2011-08-01T00:00:00","TSNW",0,354
"1311","2011-09-01T00:00:00","TPCP",1648,65
"1312","2011-09-01T00:00:00","TSNW",0,86
"1313","2011-09-01T00:00:00","TPCP",3405,199
"1314","2011-09-01T00:00:00","TSNW",0,268
"1315","2011-10-01T00:00:00","TPCP",31007,215
"1316","2011-10-01T00:00:00","TSNW",382,318
"1317","2011-10-01T00:00:00","TPCP",2605,21
"1318","2011-10-01T00:00:00","TSNW",26,36
"1319","2011-11-01T00:00:00","TPCP",40848,241
"1320","2011-11-01T00:00:00","TSNW",3889,352
"1321","2011-12-01T00:00:00","TPCP",6609,147
"1322","2011-12-01T00:00:00","TSNW",648,203
"1323","2011-12-01T00:00:00","TPCP",4116,97
"1324","2011-12-01T00:00:00","TSNW",189,151
"1325","2012-01-01T00:00:00","TPCP",64962,237
"1326","2012-01-01T00:00:00","TSNW",4342,326
"1327","2012-02-01T00:00:00","TPCP",21255,183
"1328","2012-02-01T00:00:00","TSNW",3553,254
"1329","2012-02-01T00:00:00","TPCP",6456,56
"1330","2012-02-01T00:00:00","TSNW",1386,71
"1331","2012-03-01T00:00:00","TPCP",115553,248
"1332","2012-03-01T00:00:00","TSNW",6648,325
"1333","2012-04-01T00:00:00","TPCP",33468,128
"1334","2012-04-01T00:00:00","TSNW",2042,172
"1335","2012-04-01T00:00:00","TPCP",27730,117
"1336","2012-04-01T00:00:00","TSNW",1585,154
"1337","2012-05-01T00:00:00","TPCP",4436,264
"1338","2012-05-01T00:00:00","TSNW",164,327
"1339","2012-06-01T00:00:00","TPCP",1567,63
"1340","2012-06-01T00:00:00","TSNW",0,75
"1341","2012-06-01T00:00:00","TPCP",5134,214
"1342","2012-06-01T00:00:00","TSNW",94,252
"1343","2012-07-01T00:00:00","TPCP",4129,248
"1344","2012-07-01T00:00:00","TSNW",0,286
"1345","2012-07-01T00:00:00","TPCP",673,33
"1346","2012-07-01T00:00:00","TSNW",0,41
"1347","2012-08-01T00:00:00","TPCP",5462,285
"1348","2012-08-01T00:00:00","TSNW",0,327
"1349","2012-09-01T00:00:00","TPCP",1166,142
"1350","2012-09-01T00:00:00","TSNW",0,172
"1351","2012-09-01T00:00:00","TPCP",476,132
"1352","2012-09-01T00:00:00","TSNW",0,155
"1353","2012-10-01T00:00:00","TPCP",22932,272
"1354","2012-10-01T00:00:00","TSNW",1505,327
"1355","2012-11-01T00:00:00","TPCP",22125,54
"1356","2012-11-01T00:00:00","TSNW",215,60
"1357","2012-11-01T00:00:00","TPCP",76018,221
"1358","2012-11-01T00:00:00","TSNW",1680,267
"1359","2012-12-01T00:00:00","TPCP",142412,240
"1360","2012-12-01T00:00:00","TSNW",8821,272
"1361","2012-12-01T00:00:00","TPCP",28163,47
"1362","2012-12-01T00:00:00","TSNW",3065,53
"1363","2013-01-01T00:00:00","TPCP",31335,290
"1364","2013-01-01T00:00:00","TSNW",2432,322
"1365","2013-02-01T00:00:00","TPCP",11026,186
"1366","2013-02-01T00:00:00","TSNW",2302,202
"1367","2013-02-01T00:00:00","TPCP",5904,110
"1368","2013-02-01T00:00:00","TSNW",760,118
"1369","2013-03-01T00:00:00","TPCP",36101,291
"1370","2013-03-01T00:00:00","TSNW",2059,322
"1371","2013-04-01T00:00:00","TPCP",4146,74
"1372","2013-04-01T00:00:00","TSNW",168,85
"1373","2013-04-01T00:00:00","TPCP",14230,217
"1374","2013-04-01T00:00:00","TSNW",439,238
"1375","2013-05-01T00:00:00","TPCP",13311,258
"1376","2013-05-01T00:00:00","TSNW",13,287
"1377","2013-05-01T00:00:00","TPCP",2054,33
"1378","2013-05-01T00:00:00","TSNW",0,36
"1379","2013-06-01T00:00:00","TPCP",11299,292
"1380","2013-06-01T00:00:00","TSNW",5,323
"1381","2013-07-01T00:00:00","TPCP",2785,151
"1382","2013-07-01T00:00:00","TSNW",0,165
"1383","2013-07-01T00:00:00","TPCP",1785,148
"1384","2013-07-01T00:00:00","TSNW",0,158
"1385","2013-08-01T00:00:00","TPCP",5746,300
"1386","2013-08-01T00:00:00","TSNW",0,323
"1387","2013-09-01T00:00:00","TPCP",2085,34
"1388","2013-09-01T00:00:00","TSNW",13,37
"1389","2013-09-01T00:00:00","TPCP",16629,267
"1390","2013-09-01T00:00:00","TSNW",11,286
"1391","2013-10-01T00:00:00","TPCP",6880,214
"1392","2013-10-01T00:00:00","TSNW",508,233
"1393","2013-10-01T00:00:00","TPCP",1913,83
"1394","2013-10-01T00:00:00","TSNW",295,90
"1395","2013-11-01T00:00:00","TPCP",27854,304
"1396","2013-11-01T00:00:00","TSNW",77,323
"1397","2013-12-01T00:00:00","TPCP",4621,98
"1398","2013-12-01T00:00:00","TSNW",1688,102
"1399","2013-12-01T00:00:00","TPCP",8874,206
"1400","2013-12-01T00:00:00","TSNW",3096,218
"1401","2014-01-01T00:00:00","TPCP",13603,305
"1402","2014-01-01T00:00:00","TSNW",1157,323
"1403","2014-02-01T00:00:00","TPCP",82607,181
"1404","2014-02-01T00:00:00","TSNW",1314,191
"1405","2014-02-01T00:00:00","TPCP",59513,126
"1406","2014-02-01T00:00:00","TSNW",533,134
"1407","2014-03-01T00:00:00","TPCP",93287,302
"1408","2014-03-01T00:00:00","TSNW",2307,324
"1409","2014-04-01T00:00:00","TPCP",7155,55
"1410","2014-04-01T00:00:00","TSNW",458,59
"1411","2014-04-01T00:00:00","TPCP",28969,247
"1412","2014-04-01T00:00:00","TSNW",2043,265
"1413","2014-05-01T00:00:00","TPCP",5318,234
"1414","2014-05-01T00:00:00","TSNW",65,254
"1415","2014-05-01T00:00:00","TPCP",1770,62
"1416","2014-05-01T00:00:00","TSNW",61,70
"1417","2014-06-01T00:00:00","TPCP",971,299
"1418","2014-06-01T00:00:00","TSNW",0,324
"1419","2014-07-01T00:00:00","TPCP",2146,120
"1420","2014-07-01T00:00:00","TSNW",0,125
"1421","2014-07-01T00:00:00","TPCP",2231,185
"1422","2014-07-01T00:00:00","TSNW",0,199
